Model,BestEp,AUC,RMSE,Path,PVR,APC,VS,RDC
Pure-CF,28,0.5038828293383842,0.652016932682094,,,,,
DKT,9,0.8377114492848279,0.3932675648488943,75.21685254027261,24.81389578163772,75.18610421836229,0.38402503654915404,38.413878562577445
SAKT,29,0.7980863431519822,0.4185897823566471,,,,,
KG-SAKT,20,0.8139572856116518,0.41120327517414995,68.89714993804213,31.296758104738153,68.70324189526184,0.4124282756053896,58.98389095415118
